-- CRMboards Demo Data — Cloud Hak Agency Board

-- =====================================================
-- Organization + User (auth user created separately via Admin API)
-- =====================================================
INSERT INTO organizations (id, name, slug, plan) VALUES
  ('org-00000000-0000-4000-8000-000000000001', 'Cloud Hak', 'cloud-hak', 'pro');

-- Nima's public profile is auto-created by trigger, but we update name
-- We'll reference user ID after creating auth user separately

-- =====================================================
-- Workspaces
-- =====================================================
INSERT INTO workspaces (id, org_id, name, icon, sort_order) VALUES
  ('ws-00000000-0000-4000-8000-000000000001', 'org-00000000-0000-4000-8000-000000000001', 'Client Projects', '📁', 0),
  ('ws-00000000-0000-4000-8000-000000000002', 'org-00000000-0000-4000-8000-000000000001', 'Internal', '🏠', 1);

-- =====================================================
-- Boards
-- =====================================================
INSERT INTO boards (id, workspace_id, org_id, name, description, icon, board_type, sort_order) VALUES
  ('bd-00000000-0000-4000-8000-000000000001', 'ws-00000000-0000-4000-8000-000000000001', 'org-00000000-0000-4000-8000-000000000001', 'Website Builds', 'Track all client website builds', '🌐', 'project', 0),
  ('bd-00000000-0000-4000-8000-000000000002', 'ws-00000000-0000-4000-8000-000000000001', 'org-00000000-0000-4000-8000-000000000001', 'SEO & Marketing', 'SEO audits and marketing campaigns', '📈', 'project', 1),
  ('bd-00000000-0000-4000-8000-000000000003', 'ws-00000000-0000-4000-8000-000000000002', 'org-00000000-0000-4000-8000-000000000001', 'Product Roadmap', 'CRMboards feature roadmap', '🗺️', 'project', 0);

-- =====================================================
-- Columns for "Website Builds" board
-- =====================================================
INSERT INTO columns (id, board_id, name, column_type, settings, sort_order) VALUES
  ('col-00000001-0000-4000-8000-000000000001', 'bd-00000000-0000-4000-8000-000000000001', 'Status', 'status', '{"labels": [{"label": "Not Started", "color": "#c4c4c4"}, {"label": "In Progress", "color": "#fdab3d"}, {"label": "Review", "color": "#00c875"}, {"label": "Done", "color": "#037f4c"}, {"label": "Stuck", "color": "#e2445c"}]}', 0),
  ('col-00000002-0000-4000-8000-000000000001', 'bd-00000000-0000-4000-8000-000000000001', 'Owner', 'people', '{}', 1),
  ('col-00000003-0000-4000-8000-000000000001', 'bd-00000000-0000-4000-8000-000000000001', 'Timeline', 'timeline', '{}', 2),
  ('col-00000004-0000-4000-8000-000000000001', 'bd-00000000-0000-4000-8000-000000000001', 'Budget', 'number', '{"unit": "kr"}', 3),
  ('col-00000005-0000-4000-8000-000000000001', 'bd-00000000-0000-4000-8000-000000000001', 'Priority', 'status', '{"labels": [{"label": "Low", "color": "#579bfc"}, {"label": "Medium", "color": "#fdab3d"}, {"label": "High", "color": "#e2445c"}, {"label": "Critical", "color": "#333333"}]}', 4),
  ('col-00000006-0000-4000-8000-000000000001', 'bd-00000000-0000-4000-8000-000000000001', 'Notes', 'text', '{}', 5);

-- =====================================================
-- Columns for "SEO & Marketing" board
-- =====================================================
INSERT INTO columns (id, board_id, name, column_type, settings, sort_order) VALUES
  ('col-seo-0001-0000-4000-8000-000000000001', 'bd-00000000-0000-4000-8000-000000000002', 'Status', 'status', '{"labels": [{"label": "Pending", "color": "#c4c4c4"}, {"label": "In Progress", "color": "#fdab3d"}, {"label": "Complete", "color": "#037f4c"}]}', 0),
  ('col-seo-0002-0000-4000-8000-000000000002', 'bd-00000000-0000-4000-8000-000000000002', 'Owner', 'people', '{}', 1),
  ('col-seo-0003-0000-4000-8000-000000000003', 'bd-00000000-0000-4000-8000-000000000002', 'Due Date', 'date', '{}', 2);

-- =====================================================
-- Columns for "Product Roadmap" board
-- =====================================================
INSERT INTO columns (id, board_id, name, column_type, settings, sort_order) VALUES
  ('col-road-001-0000-4000-8000-000000000001', 'bd-00000000-0000-4000-8000-000000000003', 'Status', 'status', '{"labels": [{"label": "Backlog", "color": "#c4c4c4"}, {"label": "Planning", "color": "#579bfc"}, {"label": "In Dev", "color": "#fdab3d"}, {"label": "Testing", "color": "#a25ddc"}, {"label": "Shipped", "color": "#037f4c"}]}', 0),
  ('col-road-002-0000-4000-8000-000000000002', 'bd-00000000-0000-4000-8000-000000000003', 'Owner', 'people', '{}', 1),
  ('col-road-003-0000-4000-8000-000000000003', 'bd-00000000-0000-4000-8000-000000000003', 'Timeline', 'timeline', '{}', 2),
  ('col-road-004-0000-4000-8000-000000000004', 'bd-00000000-0000-4000-8000-000000000003', 'Priority', 'status', '{"labels": [{"label": "P0", "color": "#e2445c"}, {"label": "P1", "color": "#fdab3d"}, {"label": "P2", "color": "#579bfc"}, {"label": "P3", "color": "#c4c4c4"}]}', 3);

-- =====================================================
-- Groups for "Website Builds" board
-- =====================================================
INSERT INTO groups (id, board_id, name, color, position) VALUES
  ('grp-0001-0000-4000-8000-000000000001', 'bd-00000000-0000-4000-8000-000000000001', 'Active Projects', '#579bfc', 0),
  ('grp-0002-0000-4000-8000-000000000002', 'bd-00000000-0000-4000-8000-000000000001', 'Upcoming', '#fdab3d', 1),
  ('grp-0003-0000-4000-8000-000000000003', 'bd-00000000-0000-4000-8000-000000000001', 'Completed', '#00c875', 2);

-- Groups for "SEO & Marketing"
INSERT INTO groups (id, board_id, name, color, position) VALUES
  ('grp-seo-01-0000-4000-8000-000000000001', 'bd-00000000-0000-4000-8000-000000000002', 'Audits', '#579bfc', 0),
  ('grp-seo-02-0000-4000-8000-000000000002', 'bd-00000000-0000-4000-8000-000000000002', 'Campaigns', '#a25ddc', 1);

-- Groups for "Product Roadmap"
INSERT INTO groups (id, board_id, name, color, position) VALUES
  ('grp-road-01-0000-4000-8000-000000000001', 'bd-00000000-0000-4000-8000-000000000003', 'Phase 1 — MVP', '#579bfc', 0),
  ('grp-road-02-0000-4000-8000-000000000002', 'bd-00000000-0000-4000-8000-000000000003', 'Phase 2 — Growth', '#fdab3d', 1),
  ('grp-road-03-0000-4000-8000-000000000003', 'bd-00000000-0000-4000-8000-000000000003', 'Phase 3 — Scale', '#a25ddc', 2);

-- =====================================================
-- Items for "Website Builds" board
-- =====================================================
INSERT INTO items (id, board_id, group_id, name, position) VALUES
  ('itm-0001-0000-4000-8000-000000000001', 'bd-00000000-0000-4000-8000-000000000001', 'grp-0001-0000-4000-8000-000000000001', 'Airway Clinic — Redesign', 0),
  ('itm-0002-0000-4000-8000-000000000002', 'bd-00000000-0000-4000-8000-000000000001', 'grp-0001-0000-4000-8000-000000000001', 'Samdent — New Build', 1),
  ('itm-0003-0000-4000-8000-000000000003', 'bd-00000000-0000-4000-8000-000000000001', 'grp-0001-0000-4000-8000-000000000001', 'Broadway Dental — Chatbot Setup', 2),
  ('itm-0004-0000-4000-8000-000000000004', 'bd-00000000-0000-4000-8000-000000000001', 'grp-0002-0000-4000-8000-000000000002', 'Altri Medical — Landing Page', 0),
  ('itm-0005-0000-4000-8000-000000000005', 'bd-00000000-0000-4000-8000-000000000001', 'grp-0002-0000-4000-8000-000000000002', 'Brighton Physio — Full Site', 1),
  ('itm-0006-0000-4000-8000-000000000006', 'bd-00000000-0000-4000-8000-000000000001', 'grp-0003-0000-4000-8000-000000000003', 'Cloud Hak — Own Website', 0);

-- =====================================================
-- Item Values for "Website Builds"
-- =====================================================
-- Airway Clinic row
INSERT INTO item_values (item_id, column_id, value) VALUES
  ('itm-0001-0000-4000-8000-000000000001', 'col-00000001-0000-4000-8000-000000000001', '{"label": "In Progress", "color": "#fdab3d"}'),
  ('itm-0001-0000-4000-8000-000000000001', 'col-00000003-0000-4000-8000-000000000001', '{"start": "2025-05-01", "end": "2025-06-15"}'),
  ('itm-0001-0000-4000-8000-000000000001', 'col-00000004-0000-4000-8000-000000000001', '45000'),
  ('itm-0001-0000-4000-8000-000000000001', 'col-00000005-0000-4000-8000-000000000001', '{"label": "High", "color": "#e2445c"}'),
  ('itm-0001-0000-4000-8000-000000000001', 'col-00000006-0000-4000-8000-000000000001', '"Full redesign with GHL integration"');

-- Samdent row
INSERT INTO item_values (item_id, column_id, value) VALUES
  ('itm-0002-0000-4000-8000-000000000002', 'col-00000001-0000-4000-8000-000000000001', '{"label": "In Progress", "color": "#fdab3d"}'),
  ('itm-0002-0000-4000-8000-000000000002', 'col-00000003-0000-4000-8000-000000000001', '{"start": "2025-05-10", "end": "2025-07-01"}'),
  ('itm-0002-0000-4000-8000-000000000002', 'col-00000004-0000-4000-8000-000000000001', '65000'),
  ('itm-0002-0000-4000-8000-000000000002', 'col-00000005-0000-4000-8000-000000000001', '{"label": "High", "color": "#e2445c"}');

-- Broadway Dental row
INSERT INTO item_values (item_id, column_id, value) VALUES
  ('itm-0003-0000-4000-8000-000000000003', 'col-00000001-0000-4000-8000-000000000001', '{"label": "Review", "color": "#00c875"}'),
  ('itm-0003-0000-4000-8000-000000000003', 'col-00000003-0000-4000-8000-000000000001', '{"start": "2025-05-15", "end": "2025-05-30"}'),
  ('itm-0003-0000-4000-8000-000000000003', 'col-00000004-0000-4000-8000-000000000001', '15000'),
  ('itm-0003-0000-4000-8000-000000000003', 'col-00000005-0000-4000-8000-000000000001', '{"label": "Medium", "color": "#fdab3d"}');

-- Altri Medical row
INSERT INTO item_values (item_id, column_id, value) VALUES
  ('itm-0004-0000-4000-8000-000000000004', 'col-00000001-0000-4000-8000-000000000001', '{"label": "Not Started", "color": "#c4c4c4"}'),
  ('itm-0004-0000-4000-8000-000000000004', 'col-00000004-0000-4000-8000-000000000001', '25000'),
  ('itm-0004-0000-4000-8000-000000000004', 'col-00000005-0000-4000-8000-000000000001', '{"label": "Low", "color": "#579bfc"}');

-- Brighton Physio row
INSERT INTO item_values (item_id, column_id, value) VALUES
  ('itm-0005-0000-4000-8000-000000000005', 'col-00000001-0000-4000-8000-000000000001', '{"label": "Not Started", "color": "#c4c4c4"}'),
  ('itm-0005-0000-4000-8000-000000000005', 'col-00000004-0000-4000-8000-000000000001', '55000'),
  ('itm-0005-0000-4000-8000-000000000005', 'col-00000005-0000-4000-8000-000000000001', '{"label": "Medium", "color": "#fdab3d"}');

-- Cloud Hak row
INSERT INTO item_values (item_id, column_id, value) VALUES
  ('itm-0006-0000-4000-8000-000000000006', 'col-00000001-0000-4000-8000-000000000001', '{"label": "Done", "color": "#037f4c"}'),
  ('itm-0006-0000-4000-8000-000000000006', 'col-00000003-0000-4000-8000-000000000001', '{"start": "2025-04-01", "end": "2025-04-20"}'),
  ('itm-0006-0000-4000-8000-000000000006', 'col-00000004-0000-4000-8000-000000000001', '0');

-- =====================================================
-- Items for "Product Roadmap" board
-- =====================================================
INSERT INTO items (id, board_id, group_id, name, position) VALUES
  ('itm-road-01-0000-4000-8000-000000000001', 'bd-00000000-0000-4000-8000-000000000003', 'grp-road-01-0000-4000-8000-000000000001', 'Board engine — Table view', 0),
  ('itm-road-02-0000-4000-8000-000000000002', 'bd-00000000-0000-4000-8000-000000000003', 'grp-road-01-0000-4000-8000-000000000001', 'Board engine — Kanban view', 1),
  ('itm-road-03-0000-4000-8000-000000000003', 'bd-00000000-0000-4000-8000-000000000003', 'grp-road-01-0000-4000-8000-000000000001', 'Automations engine', 2),
  ('itm-road-04-0000-4000-8000-000000000004', 'bd-00000000-0000-4000-8000-000000000003', 'grp-road-02-0000-4000-8000-000000000002', 'Calendar sync', 0),
  ('itm-road-05-0000-4000-8000-000000000005', 'bd-00000000-0000-4000-8000-000000000003', 'grp-road-02-0000-4000-8000-000000000002', 'Email notifications', 1),
  ('itm-road-06-0000-4000-8000-000000000006', 'bd-00000000-0000-4000-8000-000000000003', 'grp-road-03-0000-4000-8000-000000000003', 'Stripe billing', 0),
  ('itm-road-07-0000-4000-8000-000000000007', 'bd-00000000-0000-4000-8000-000000000003', 'grp-road-03-0000-4000-8000-000000000003', 'Mobile app', 1);

-- Roadmap item values
INSERT INTO item_values (item_id, column_id, value) VALUES
  ('itm-road-01-0000-4000-8000-000000000001', 'col-road-001-0000-4000-8000-000000000001', '{"label": "In Dev", "color": "#fdab3d"}'),
  ('itm-road-01-0000-4000-8000-000000000001', 'col-road-003-0000-4000-8000-000000000003', '{"start": "2025-05-18", "end": "2025-05-25"}'),
  ('itm-road-01-0000-4000-8000-000000000001', 'col-road-004-0000-4000-8000-000000000004', '{"label": "P0", "color": "#e2445c"}'),

  ('itm-road-02-0000-4000-8000-000000000002', 'col-road-001-0000-4000-8000-000000000001', '{"label": "In Dev", "color": "#fdab3d"}'),
  ('itm-road-02-0000-4000-8000-000000000002', 'col-road-003-0000-4000-8000-000000000003', '{"start": "2025-05-18", "end": "2025-05-25"}'),
  ('itm-road-02-0000-4000-8000-000000000002', 'col-road-004-0000-4000-8000-000000000004', '{"label": "P0", "color": "#e2445c"}'),

  ('itm-road-03-0000-4000-8000-000000000003', 'col-road-001-0000-4000-8000-000000000001', '{"label": "In Dev", "color": "#fdab3d"}'),
  ('itm-road-03-0000-4000-8000-000000000003', 'col-road-004-0000-4000-8000-000000000004', '{"label": "P1", "color": "#fdab3d"}'),

  ('itm-road-04-0000-4000-8000-000000000004', 'col-road-001-0000-4000-8000-000000000001', '{"label": "Backlog", "color": "#c4c4c4"}'),
  ('itm-road-04-0000-4000-8000-000000000004', 'col-road-004-0000-4000-8000-000000000004', '{"label": "P2", "color": "#579bfc"}'),

  ('itm-road-05-0000-4000-8000-000000000005', 'col-road-001-0000-4000-8000-000000000001', '{"label": "Backlog", "color": "#c4c4c4"}'),
  ('itm-road-05-0000-4000-8000-000000000005', 'col-road-004-0000-4000-8000-000000000004', '{"label": "P2", "color": "#579bfc"}'),

  ('itm-road-06-0000-4000-8000-000000000006', 'col-road-001-0000-4000-8000-000000000001', '{"label": "Backlog", "color": "#c4c4c4"}'),
  ('itm-road-06-0000-4000-8000-000000000006', 'col-road-004-0000-4000-8000-000000000004', '{"label": "P1", "color": "#fdab3d"}'),

  ('itm-road-07-0000-4000-8000-000000000007', 'col-road-001-0000-4000-8000-000000000001', '{"label": "Backlog", "color": "#c4c4c4"}'),
  ('itm-road-07-0000-4000-8000-000000000007', 'col-road-004-0000-4000-8000-000000000004', '{"label": "P3", "color": "#c4c4c4"}');

-- =====================================================
-- Sample Updates (comments)
-- =====================================================
INSERT INTO updates (id, item_id, user_id, body) VALUES
  ('upd-0001-0000-4000-8000-000000000001', 'itm-0001-0000-4000-8000-000000000001', '00000000-0000-4000-8000-000000000000', 'Homepage design approved by client. Moving to development phase.'),
  ('upd-0002-0000-4000-8000-000000000002', 'itm-0001-0000-4000-8000-000000000001', '00000000-0000-4000-8000-000000000000', 'GHL integration needs custom webhook setup. Will handle in sprint 2.'),
  ('upd-0003-0000-4000-8000-000000000003', 'itm-0002-0000-4000-8000-000000000002', '00000000-0000-4000-8000-000000000000', 'Initial wireframes shared. Waiting for feedback on the treatment pages.');

-- =====================================================
-- Sample Automation
-- =====================================================
INSERT INTO automations (board_id, trigger_type, trigger_config, action_type, action_config, enabled) VALUES
  ('bd-00000000-0000-4000-8000-000000000001', 'status_change', '{"column_id": "col-00000001-0000-4000-8000-000000000001", "from": "Review", "to": "Done"}', 'move_to_group', '{"group_id": "grp-0003-0000-4000-8000-000000000003"}', true);

-- =====================================================
-- Sample Activity Log
-- =====================================================
INSERT INTO activity_log (org_id, user_id, action, details) VALUES
  ('org-00000000-0000-4000-8000-000000000001', '00000000-0000-4000-8000-000000000000', 'board.created', '{"board_name": "Website Builds"}'),
  ('org-00000000-0000-4000-8000-000000000001', '00000000-0000-4000-8000-000000000000', 'item.created', '{"item_name": "Airway Clinic — Redesign", "board": "Website Builds"}'),
  ('org-00000000-0000-4000-8000-000000000001', '00000000-0000-4000-8000-000000000000', 'item.status_changed', '{"item_name": "Airway Clinic — Redesign", "from": "Not Started", "to": "In Progress"}');
